category,title,rating,price,stock
Travel,It's Only the Himalayas,2,45.17,In stock
Travel,Full Moon over Noah’s Ark: An Odyssey to Mount Ararat and Beyond,4,49.43,In stock
Travel,See America: A Celebration of Our National Parks & Treasured Sites,3,48.87,In stock
Travel,Vagabonding: An Uncommon Guide to the Art of Long-Term World Travel,2,36.94,In stock
Travel,Under the Tuscan Sun,3,37.33,In stock
Travel,A Summer In Europe,2,44.34,In stock
Travel,The Great Railway Bazaar,1,30.54,In stock
Travel,A Year in Provence (Provence #1),4,56.88,In stock
Travel,The Road to Little Dribbling: Adventures of an American in Britain (Notes From a Small Island #2),1,23.21,In stock
Travel,Neither Here nor There: Travels in Europe,3,38.95,In stock
Travel,"1,000 Places to See Before You Die",5,26.08,Out of stock
Mystery,Sharp Objects,4,47.82,In stock
Mystery,"In a Dark, Dark Wood",1,19.63,In stock
Mystery,The Past Never Ends,4,56.50,In stock
Mystery,A Murder in Time,1,16.64,In stock
Mystery,The Murder of Roger Ackroyd (Hercule Poirot #4),4,44.10,In stock
Mystery,The Last Mile (Amos Decker #2),2,54.21,In stock
Mystery,That Darkness (Gardiner and Renner #1),1,13.92,In stock
Mystery,Tastes Like Fear (DI Marnie Rome #3),1,10.69,In stock
Mystery,A Time of Torment (Charlie Parker #14),5,48.35,In stock
Mystery,A Study in Scarlet (Sherlock Holmes #1),2,16.73,In stock
Mystery,Poisonous (Max Revere Novels #3),3,26.80,In stock
Mystery,Murder at the 42nd Street Library (Raymond Ambler #1),4,54.36,In stock
Mystery,Most Wanted,3,35.28,Out of stock
Mystery,Hide Away (Eve Duncan #20),1,11.84,In stock
Mystery,Boar Island (Anna Pigeon #19),3,59.48,In stock
Mystery,The Widow,2,27.26,In stock
Mystery,Playing with Fire,3,13.71,In stock
Mystery,What Happened on Beale Street (Secrets of the South Mysteries #2),5,25.37,In stock
Mystery,The Bachelor Girl's Guide to Murder (Herringford and Watts Mysteries #1),5,52.30,Out of stock
Mystery,Delivering the Truth (Quaker Midwife Mystery #1),4,20.89,Out of stock
Mystery,The Mysterious Affair at Styles (Hercule Poirot #1),4,24.80,Out of stock
Mystery,In the Woods (Dublin Murder Squad #1),2,38.38,In stock
Mystery,The Silkworm (Cormoran Strike #2),5,23.05,Out of stock
Mystery,The Exiled,3,43.45,In stock
Mystery,The Cuckoo's Calling (Cormoran Strike #1),1,19.21,In stock
Mystery,Extreme Prey (Lucas Davenport #26),3,25.40,In stock
Mystery,Career of Evil (Cormoran Strike #3),2,24.72,In stock
Mystery,The No. 1 Ladies' Detective Agency (No. 1 Ladies' Detective Agency #1),4,57.70,In stock
Mystery,The Girl You Lost,5,12.29,Out of stock
Mystery,The Girl In The Ice (DCI Erika Foster #1),3,15.85,In stock
Mystery,Blood Defense (Samantha Brinkman #1),3,20.30,In stock
Mystery,1st to Die (Women's Murder Club #1),1,53.98,In stock
Historical Fiction,Tipping the Velvet,1,53.74,In stock
Historical Fiction,Forever and Forever: The Courtship of Henry Longfellow and Fanny Appleton,3,29.69,In stock
Historical Fiction,A Flight of Arrows (The Pathfinders #2),5,55.53,In stock
Historical Fiction,The House by the Lake,1,36.95,In stock
Historical Fiction,Mrs. Houdini,5,30.25,In stock
Historical Fiction,The Marriage of Opposites,4,28.08,In stock
Historical Fiction,Glory over Everything: Beyond The Kitchen House,3,45.84,Out of stock
Historical Fiction,"Love, Lies and Spies",2,20.55,In stock
Historical Fiction,A Paris Apartment,4,39.01,In stock
Historical Fiction,Lilac Girls,2,17.28,In stock
Historical Fiction,The Constant Princess (The Tudor Court #1),3,16.62,In stock
Historical Fiction,The Invention of Wings,1,37.34,Out of stock
Historical Fiction,World Without End (The Pillars of the Earth #2),4,32.97,In stock
Historical Fiction,The Passion of Dolssa,5,28.32,In stock
Historical Fiction,Girl With a Pearl Earring,1,26.77,In stock
Historical Fiction,Voyager (Outlander #3),5,21.07,In stock
Historical Fiction,The Red Tent,5,35.66,In stock
Historical Fiction,The Last Painting of Sara de Vos,2,55.55,In stock
Historical Fiction,The Guernsey Literary and Potato Peel Pie Society,1,49.53,In stock
Historical Fiction,Girl in the Blue Coat,2,46.83,In stock
Historical Fiction,Between Shades of Gray,5,20.79,In stock
Historical Fiction,While You Were Mine,5,41.32,In stock
Historical Fiction,The Secret Healer,3,34.56,Out of stock
Historical Fiction,Starlark,3,25.83,Out of stock
Historical Fiction,Lost Among the Living,4,27.70,Out of stock
Historical Fiction,A Spy's Devotion (The Regency Spies of London #1),5,16.97,In stock
Sequential Art,Scott Pilgrim's Precious Little Life (Scott Pilgrim #1),5,52.29,In stock
Sequential Art,Tsubasa: WoRLD CHRoNiCLE 2 (Tsubasa WoRLD CHRoNiCLE #2),1,16.28,In stock
Sequential Art,This One Summer,4,19.49,In stock
Sequential Art,The Nameless City (The Nameless City #1),4,38.16,Out of stock
Sequential Art,"Saga, Volume 5 (Saga (Collected Editions) #5)",2,51.04,In stock
Sequential Art,"Rat Queens, Vol. 3: Demons (Rat Queens (Collected Editions) #11-15)",3,50.40,In stock
Sequential Art,"Princess Jellyfish 2-in-1 Omnibus, Vol. 01 (Princess Jellyfish 2-in-1 Omnibus #1)",5,13.61,In stock
Sequential Art,"Pop Gun War, Volume 1: Gift",1,18.97,Out of stock
Sequential Art,Patience,3,10.16,Out of stock
Sequential Art,"Outcast, Vol. 1: A Darkness Surrounds Him (Outcast #1)",4,15.44,Out of stock
Sequential Art,orange: The Complete Collection 1 (orange: The Complete Collection #1),1,48.41,In stock
Sequential Art,"Lumberjanes, Vol. 2: Friendship to the Max (Lumberjanes #5-8)",2,46.91,In stock
Sequential Art,"Lumberjanes, Vol. 1: Beware the Kitten Holy (Lumberjanes #1-4)",3,45.61,Out of stock
Sequential Art,Lumberjanes Vol. 3: A Terrible Plan (Lumberjanes #9-12),2,19.92,In stock
Sequential Art,"I Hate Fairyland, Vol. 1: Madly Ever After (I Hate Fairyland (Compilations) #1-5)",2,29.17,In stock
Sequential Art,I am a Hero Omnibus Volume 1,3,54.63,Out of stock
Sequential Art,"Giant Days, Vol. 2 (Giant Days #5-8)",2,22.11,In stock
Sequential Art,Danganronpa Volume 1,4,51.99,Out of stock
Sequential Art,"Codename Baboushka, Volume 1: The Conclave of Death",4,36.72,In stock
Sequential Art,Camp Midnight,4,17.08,In stock
Sequential Art,"Bitch Planet, Vol. 1: Extraordinary Machine (Bitch Planet (Collected Editions))",2,37.92,In stock
Sequential Art,The Shadow Hero (The Shadow Hero),1,33.14,In stock
Sequential Art,"Fables, Vol. 1: Legends in Exile (Fables #1)",4,41.62,In stock
Sequential Art,Batman: The Long Halloween (Batman),2,36.50,In stock
Sequential Art,Batman: The Dark Knight Returns (Batman),5,15.38,In stock
Sequential Art,"Wonder Woman: Earth One, Volume One (Wonder Woman: Earth One #1)",4,37.34,In stock
Sequential Art,"We Are Robin, Vol. 1: The Vigilante Business (We Are Robin #1)",1,53.90,In stock
Sequential Art,Through the Woods,2,25.38,In stock
Sequential Art,Superman Vol. 1: Before Truth (Superman by Gene Luen Yang #1),5,11.89,Out of stock
Sequential Art,"So Cute It Hurts!!, Vol. 6 (So Cute It Hurts!! #6)",4,35.43,In stock
Sequential Art,Robin War,3,47.82,In stock
Sequential Art,"Red Hood/Arsenal, Vol. 1: Open for Business (Red Hood/Arsenal #1)",2,25.48,In stock
Sequential Art,"Naruto (3-in-1 Edition), Vol. 14: Includes Vols. 40, 41 & 42 (Naruto: Omnibus #14)",2,38.39,In stock
Sequential Art,Lowriders to the Center of the Earth (Lowriders in Space #2),2,51.51,In stock
Sequential Art,El Deafo,5,57.62,In stock
Sequential Art,Batman: Europa,2,32.01,In stock
Sequential Art,Art Ops Vol. 1,3,48.80,In stock
Sequential Art,"Adulthood Is a Myth: A ""Sarah's Scribbles"" Collection",2,10.90,In stock
Sequential Art,"Fruits Basket, Vol. 9 (Fruits Basket #9)",4,33.95,In stock
Sequential Art,Roller Girl,5,14.10,In stock
Sequential Art,"Fruits Basket, Vol. 7 (Fruits Basket #7)",1,19.57,Out of stock
Sequential Art,"Fruits Basket, Vol. 6 (Fruits Basket #6)",4,20.96,In stock
Sequential Art,"Death Note, Vol. 6: Give-and-Take (Death Note #6)",3,36.39,In stock
Sequential Art,"Fruits Basket, Vol. 5 (Fruits Basket #5)",1,16.33,In stock
Sequential Art,"Death Note, Vol. 5: Whiteout (Death Note #5)",1,52.41,In stock
Sequential Art,"The Demon Prince of Momochi House, Vol. 4 (The Demon Prince of Momochi House #4)",2,27.88,In stock
Sequential Art,"Fruits Basket, Vol. 4 (Fruits Basket #4)",4,50.44,In stock
Sequential Art,"The Wicked + The Divine, Vol. 3: Commercial Suicide (The Wicked + The Divine)",3,14.41,In stock
Sequential Art,"The Sandman, Vol. 3: Dream Country (The Sandman (volumes) #3)",5,55.55,In stock
Sequential Art,"Saga, Volume 3 (Saga (Collected Editions) #3)",5,21.57,Out of stock
Sequential Art,Prodigy: The Graphic Novel (Legend: The Graphic Novel #2),3,43.63,In stock
Sequential Art,Persepolis: The Story of a Childhood (Persepolis #1-2),1,39.13,Out of stock
Sequential Art,Original Fake,3,31.45,In stock
Sequential Art,"Grayson, Vol 3: Nemesis (Grayson #3)",1,42.72,In stock
Sequential Art,"Fruits Basket, Vol. 3 (Fruits Basket #3)",2,45.17,In stock
Sequential Art,"Black Butler, Vol. 1 (Black Butler #1)",1,49.31,In stock
Sequential Art,Awkward,2,38.02,In stock
Sequential Art,"The Sandman, Vol. 2: The Doll's House (The Sandman (volumes) #2)",1,54.81,In stock
Sequential Art,"Saga, Volume 2 (Saga (Collected Editions) #2)",3,11.75,In stock
Sequential Art,"Fruits Basket, Vol. 2 (Fruits Basket #2)",5,11.64,In stock
Sequential Art,"Y: The Last Man, Vol. 1: Unmanned (Y: The Last Man #1)",4,18.51,In stock
Sequential Art,"The Wicked + The Divine, Vol. 1: The Faust Act (The Wicked + The Divine)",2,36.52,In stock
Sequential Art,"The Sandman, Vol. 1: Preludes and Nocturnes (The Sandman (volumes) #1)",3,54.12,In stock
Sequential Art,The Complete Maus (Maus #1-2),3,10.64,In stock
Sequential Art,"Skip Beat!, Vol. 01 (Skip Beat! #1)",3,42.12,In stock
Sequential Art,"Saga, Volume 1 (Saga (Collected Editions) #1)",1,28.48,In stock
Sequential Art,"Rat Queens, Vol. 1: Sass & Sorcery (Rat Queens (Collected Editions) #1-5)",5,46.96,In stock
Sequential Art,"Paper Girls, Vol. 1 (Paper Girls #1-5)",4,21.71,In stock
Sequential Art,"Ouran High School Host Club, Vol. 1 (Ouran High School Host Club #1)",3,29.87,Out of stock
Sequential Art,"Ms. Marvel, Vol. 1: No Normal (Ms. Marvel (2014-2015) #1)",4,39.39,In stock
Sequential Art,"Hawkeye, Vol. 1: My Life as a Weapon (Hawkeye #1)",3,45.24,In stock
Sequential Art,"Giant Days, Vol. 1 (Giant Days #1-4)",4,56.76,In stock
Sequential Art,"Fruits Basket, Vol. 1 (Fruits Basket #1)",5,40.28,In stock
Sequential Art,"Bleach, Vol. 1: Strawberry and the Soul Reapers (Bleach #1)",5,34.65,In stock
Sequential Art,"Ajin: Demi-Human, Volume 1 (Ajin: Demi-Human #1)",4,57.06,In stock
Classics,The Secret Garden,4,15.08,In stock
Classics,The Metamorphosis,1,28.58,In stock
Classics,The Pilgrim's Progress,2,50.26,In stock
Classics,The Hound of the Baskervilles (Sherlock Holmes #5),2,14.82,In stock
Classics,Little Women (Little Women #1),4,28.07,In stock
Classics,Gone with the Wind,3,32.49,In stock
Classics,Candide,3,58.63,In stock
Classics,Animal Farm,3,57.22,In stock
Classics,Wuthering Heights,3,17.73,In stock
Classics,The Picture of Dorian Gray,2,29.70,In stock
Classics,The Complete Stories and Poems (The Works of Edgar Allan Poe [Cameo Edition]),4,26.78,In stock
Classics,Beowulf,2,38.35,Out of stock
Classics,And Then There Were None,2,35.01,In stock
Classics,The Story of Hong Gildong,4,43.19,In stock
Classics,The Little Prince,2,45.42,In stock
Classics,Sense and Sensibility,1,37.46,In stock
Classics,Of Mice and Men,2,47.11,In stock
Classics,Emma,2,32.93,In stock
Classics,Alice in Wonderland (Alice's Adventures in Wonderland #1),1,55.53,In stock
Philosophy,Sophie's World,5,15.94,In stock
Philosophy,The Death of Humanity: and the Case for Life,4,58.11,In stock
Philosophy,The Stranger,4,17.44,In stock
Philosophy,Proofs of God: Classical Arguments from Tertullian to Barth,1,54.21,In stock
Philosophy,Kierkegaard: A Christian Missionary to Christians,1,47.13,In stock
Philosophy,"At The Existentialist Café: Freedom, Being, and apricot cocktails with: Jean-Paul Sartre, Simone de Beauvoir, Albert Camus, Martin Heidegger, Edmund Husserl, Karl Jaspers, Maurice Merleau-Ponty and others",5,29.93,In stock
Philosophy,Critique of Pure Reason,1,20.75,In stock
Philosophy,"Run, Spot, Run: The Ethics of Keeping Pets",1,20.02,In stock
Philosophy,The Nicomachean Ethics,1,36.34,In stock
Philosophy,Meditations,2,25.89,In stock
Philosophy,Beyond Good and Evil,1,43.38,In stock
Romance,Chase Me (Paris Nights #2),5,25.27,In stock
Romance,Black Dust,5,34.53,In stock
Romance,Her Backup Boyfriend (The Sorensen Family #1),1,33.97,In stock
Romance,First and First (Five Boroughs #3),4,15.97,In stock
Romance,Fifty Shades Darker (Fifty Shades #2),1,21.96,In stock
Romance,The Wedding Dress,1,24.12,In stock
Romance,Suddenly in Love (Lake Haven #1),2,55.99,In stock
Romance,Something More Than This,4,16.24,In stock
Romance,Doing It Over (Most Likely To #1),3,35.61,In stock
Romance,The Wedding Pact (The O'Malleys #2),3,32.61,In stock
Romance,Hold Your Breath (Search and Rescue #1),1,28.82,In stock
Romance,Dirty (Dive Bar #1),4,40.83,In stock
Romance,Take Me Home Tonight (Rock Star Romance #3),3,53.98,In stock
Romance,Off the Hook (Fishing for Trouble #1),3,47.67,In stock
Romance,A Gentleman's Position (Society of Gentlemen #3),5,14.75,In stock
Romance,"Sit, Stay, Love",3,20.90,In stock
Romance,A Girl's Guide to Moving On (New Beginnings #2),1,31.30,In stock
Romance,The Perfect Play (Play by Play #1),3,59.99,In stock
Romance,Dark Lover (Black Dagger Brotherhood #1),1,12.87,Out of stock
Romance,Changing the Game (Play by Play #2),3,13.38,In stock
Romance,A Walk to Remember,1,56.43,In stock
Romance,The Purest Hook (Second Circle Tattoos #3),1,12.25,In stock
Romance,The Obsession,1,45.43,Out of stock
Romance,Reservations for Two,3,11.10,In stock
Romance,Best of My Love (Fool's Gold #20),2,27.41,In stock
Romance,Where Lightning Strikes (Bleeding Stars #3),3,39.77,In stock
Romance,This One Moment (Pushing Limits #1),1,48.71,In stock
Romance,"Rhythm, Chord & Malykhin",2,28.34,In stock
Romance,My Perfect Mistake (Over the Top #1),2,38.92,In stock
Romance,Listen to Me (Fusion #1),3,58.99,In stock
Romance,Imperfect Harmony,4,34.74,Out of stock
Romance,Fighting Fate (Fighting #6),3,39.24,In stock
Romance,Deep Under (Walker Security #1),5,47.09,In stock
Romance,Charity's Cross (Charles Towne Belles #4),1,41.24,In stock
Romance,Bounty (Colorado Mountain #7),4,37.26,In stock
Womens Fiction,I Had a Nice Time And Other Lies...: How to find love & sh*t like that,4,57.36,In stock
Womens Fiction,Will You Won't You Want Me?,3,13.86,In stock
Womens Fiction,Keep Me Posted,4,20.46,Out of stock
Womens Fiction,Grey (Fifty Shades #4),4,48.49,In stock
Womens Fiction,Meternity,3,43.58,In stock
Womens Fiction,Some Women,5,13.73,In stock
Womens Fiction,Shopaholic Ties the Knot (Shopaholic #3),5,48.39,Out of stock
Womens Fiction,Can You Keep a Secret?,1,21.94,In stock
Womens Fiction,Twenties Girl,2,42.80,In stock
Womens Fiction,The Undomestic Goddess,4,45.75,In stock
Womens Fiction,The Nanny Diaries (Nanny #1),5,52.53,In stock
Womens Fiction,The Devil Wears Prada (The Devil Wears Prada #1),1,44.29,In stock
Womens Fiction,Something Borrowed (Darcy & Rachel #1),5,48.96,In stock
Womens Fiction,Something Blue (Darcy & Rachel #2),1,54.62,In stock
Womens Fiction,I've Got Your Number,1,19.69,In stock
Womens Fiction,The Edge of Reason (Bridget Jones #2),4,19.18,In stock
Womens Fiction,Bridget Jones's Diary (Bridget Jones #1),1,29.82,In stock
Fiction,Soumission,1,50.10,In stock
Fiction,Private Paris (Private #10),5,47.61,In stock
Fiction,"We Love You, Charlie Freeman",5,50.27,In stock
Fiction,Thirst,5,17.27,In stock
Fiction,The Murder That Never Was (Forensic Instincts #5),3,54.11,In stock
Fiction,Tuesday Nights in 1980,2,21.04,Out of stock
Fiction,The Vacationers,4,42.15,In stock
Fiction,The Regional Office Is Under Attack!,5,51.36,In stock
Fiction,Finders Keepers (Bill Hodges Trilogy #2),5,53.53,Out of stock
Fiction,The Time Keeper,5,27.88,Out of stock
Fiction,The Testament of Mary,4,52.67,In stock
Fiction,The First Hostage (J.B. Collins #2),3,25.85,In stock
Fiction,Take Me with You,3,45.21,In stock
Fiction,Still Life with Bread Crumbs,3,26.41,In stock
Fiction,Shtum,4,55.84,In stock
Fiction,My Name Is Lucy Barton,1,41.56,In stock
Fiction,My Mrs. Brown,3,24.48,In stock
Fiction,Mr. Mercedes (Bill Hodges Trilogy #1),1,28.90,In stock
Fiction,I Am Pilgrim (Pilgrim #1),4,10.60,Out of stock
Fiction,Eligible (The Austen Project #4),3,27.09,In stock
Fiction,Eight Hundred Grapes,4,14.39,In stock
Fiction,Dear Mr. Knightley,5,11.21,Out of stock
Fiction,Cometh the Hour (The Clifton Chronicles #6),3,25.01,In stock
Fiction,Balloon Animals,3,17.03,In stock
Fiction,A Man Called Ove,1,39.72,In stock
Fiction,The Silent Sister (Riley MacPherson #1),5,46.29,In stock
Fiction,The Dinner Party,2,56.54,In stock
Fiction,The Improbability of Love,1,59.45,In stock
Fiction,Mothering Sunday,2,13.34,In stock
Fiction,Lies and Other Acts of Love,1,45.14,In stock
Fiction,Daredevils,3,16.34,In stock
Fiction,11/22/63,3,48.48,In stock
Fiction,The Shack,1,28.03,In stock
Fiction,The High Mountains of Portugal,1,51.15,Out of stock
Fiction,Miller's Valley,2,58.54,Out of stock
Fiction,Hystopia: A Novel,4,21.96,In stock
Fiction,The Bourne Identity (Jason Bourne #1),4,42.78,In stock
Fiction,Sister Dear,4,40.20,In stock
Fiction,Memoirs of a Geisha,3,49.67,Out of stock
Fiction,Me Before You (Me Before You #1),1,19.02,Out of stock
Fiction,Deception Point,4,40.32,Out of stock
Fiction,The Little Paris Bookshop,3,24.73,In stock
Fiction,The Firm,3,45.56,In stock
Fiction,The Expatriates,2,44.58,In stock
Fiction,Siddhartha,5,34.22,In stock
Fiction,Last One Home (New Beginnings #1),3,59.98,In stock
Fiction,Digital Fortress,5,58.00,In stock
Fiction,Atlas Shrugged,5,26.58,In stock
Fiction,Three-Martini Lunch,3,23.21,In stock
Fiction,The Nightingale,4,26.26,In stock
Fiction,The Infinities,1,27.41,In stock
Fiction,The Husband's Secret,5,52.51,In stock
Fiction,The Da Vinci Code (Robert Langdon #2),2,22.96,In stock
Fiction,The Art of Fielding,1,22.10,In stock
Fiction,Lila (Gilead #3),3,12.47,In stock
Fiction,Jurassic Park (Jurassic Park #1),1,44.97,Out of stock
Fiction,Inferno (Robert Langdon #4),5,41.00,In stock
Fiction,Crazy Rich Asians (Crazy Rich Asians #1),5,49.13,In stock
Fiction,Big Little Lies,1,22.11,In stock
Fiction,The Course of Love,3,16.78,In stock
Fiction,When I'm Gone,3,51.96,Out of stock
Fiction,The Silent Wife,5,12.34,In stock
Fiction,The Bette Davis Club,3,30.66,In stock
Fiction,Kitchens of the Great Midwest,5,57.20,In stock
Fiction,Bright Lines,5,39.07,In stock
Childrens,Birdsong: A Story in Pictures,3,54.64,In stock
Childrens,The Bear and the Piano,1,36.89,Out of stock
Childrens,The Secret of Dreadwillow Carse,1,56.13,In stock
Childrens,The White Cat and the Monk: A Retelling of the Poem “Pangur Bán”,4,58.08,In stock
Childrens,Little Red,3,13.47,In stock
Childrens,Walt Disney's Alice in Wonderland,5,12.96,Out of stock
Childrens,Twenty Yawns,2,22.08,In stock
Childrens,Rain Fish,3,23.57,In stock
Childrens,Once Was a Time,2,18.28,In stock
Childrens,Luis Paints the World,3,53.95,In stock
Childrens,Nap-a-Roo,1,25.08,In stock
Childrens,The Whale,4,35.96,Out of stock
Childrens,"Shrunken Treasures: Literary Classics, Short, Sweet, and Silly",3,52.87,In stock
Childrens,Raymie Nightingale,2,34.41,In stock
Childrens,Playing from the Heart,1,32.38,In stock
Childrens,Maybe Something Beautiful: How Art Transformed a Neighborhood,1,22.54,In stock
Childrens,The Wild Robot,3,56.07,In stock
Childrens,The Thing About Jellyfish,1,48.77,In stock
Childrens,The Lonely Ones,5,43.59,In stock
Childrens,The Day the Crayons Came Home (Crayons),5,26.33,In stock
Childrens,The Cat in the Hat (Beginner Books B-1),2,16.26,Out of stock
Childrens,Red: The True Story of Red Riding Hood,3,28.54,In stock
Childrens,Horrible Bear!,2,37.52,In stock
Childrens,Green Eggs and Ham (Beginner Books B-16),4,10.79,In stock
Childrens,Counting Thyme,1,10.62,In stock
Childrens,Are We There Yet?,3,10.66,In stock
Childrens,Diary of a Minecraft Zombie Book 1: A Scare of a Dare (An Unofficial Minecraft Book),4,52.88,In stock
Childrens,Matilda,1,28.34,In stock
Childrens,Charlie and the Chocolate Factory (Charlie Bucket #1),3,22.85,In stock
Religion,"Don't Be a Jerk: And Other Practical Advice from Dogen, Japan's Greatest Zen Master",2,37.97,In stock
Religion,You Are What You Love: The Spiritual Power of Habit,4,21.87,In stock
Religion,God: The Most Unpleasant Character in All Fiction,5,30.03,In stock
Religion,The Book of Mormon,3,24.57,Out of stock
Religion,"A History of God: The 4,000-Year Quest of Judaism, Christianity, and Islam",1,27.62,In stock
Religion,The Bhagavad Gita,3,57.49,In stock
Religion,Choosing Our Religion: The Spiritual Lives of America's Nones,4,28.42,In stock
Nonfiction,Worlds Elsewhere: Journeys Around Shakespeare’s Globe,5,40.30,In stock
Nonfiction,The Five Love Languages: How to Express Heartfelt Commitment to Your Mate,3,31.05,In stock
Nonfiction,Reasons to Stay Alive,2,26.41,Out of stock
Nonfiction,#HigherSelfie: Wake Up Your Life. Free Your Soul. Find Your Tribe.,5,23.11,In stock
Nonfiction,"Unseen City: The Majesty of Pigeons, the Discreet Charm of Snails & Other Wonders of the Urban Wilderness",4,44.18,Out of stock
Nonfiction,Throwing Rocks at the Google Bus: How Growth Became the Enemy of Prosperity,3,31.12,Out of stock
Nonfiction,The Life-Changing Magic of Tidying Up: The Japanese Art of Decluttering and Organizing,3,16.77,In stock
Nonfiction,The Gutsy Girl: Escapades for Your Life of Epic Adventure,1,37.13,In stock
Nonfiction,The Electric Pencil: Drawings from Inside State Hospital No. 3,1,56.06,Out of stock
Nonfiction,Spark Joy: An Illustrated Master Class on the Art of Organizing and Tidying Up,4,41.83,In stock
Nonfiction,Reskilling America: Learning to Labor in the Twenty-First Century,2,19.83,In stock
Nonfiction,In the Country We Love: My Family Divided,4,22.00,In stock
Nonfiction,Everydata: The Misinformation Hidden in the Little Data You Consume Every Day,2,54.35,In stock
Nonfiction,Call the Nurse: True Stories of a Country Nurse on a Scottish Isle,5,29.14,Out of stock
Nonfiction,Algorithms to Live By: The Computer Science of Human Decisions,1,30.81,In stock
Nonfiction,The Power of Now: A Guide to Spiritual Enlightenment,2,43.54,In stock
Nonfiction,The Omnivore's Dilemma: A Natural History of Four Meals,2,38.21,In stock
Nonfiction,The Genius of Birds,1,17.24,In stock
Nonfiction,The Artist's Way: A Spiritual Path to Higher Creativity,5,38.49,In stock
Nonfiction,So You've Been Publicly Shamed,2,12.23,In stock
Nonfiction,"Daring Greatly: How the Courage to Be Vulnerable Transforms the Way We Live, Love, Parent, and Lead",3,19.43,In stock
Nonfiction,Big Magic: Creative Living Beyond Fear,3,30.80,In stock
Nonfiction,Becoming Wise: An Inquiry into the Mystery and Art of Living,2,27.43,In stock
Nonfiction,Agnostic: A Spirited Manifesto,5,12.51,Out of stock
Nonfiction,Whole Lotta Creativity Going On: 60 Fun and Unusual Exercises to Awaken and Strengthen Your Creativity,4,38.20,In stock
Nonfiction,What's It Like in Space?: Stories from Astronauts Who've Been There,2,19.60,In stock
Nonfiction,The Year of Magical Thinking,2,43.04,In stock
Nonfiction,The Literature Book (Big Ideas Simply Explained),3,17.43,In stock
Nonfiction,The Bad-Ass Librarians of Timbuktu: And Their Race to Save the World’s Most Precious Manuscripts,1,15.77,In stock
Nonfiction,Swell: A Year of Waves,1,45.58,In stock
Nonfiction,No Dream Is Too High: Life Lessons From a Man Who Walked on the Moon,2,21.95,In stock
Nonfiction,Looking for Lovely: Collecting the Moments that Matter,5,29.14,In stock
Nonfiction,Let It Out: A Journey Through Journaling,5,26.79,In stock
Nonfiction,Hamilton: The Revolution,3,58.79,In stock
Nonfiction,"Far & Away: Places on the Brink of Change: Seven Continents, Twenty-Five Years",4,15.06,In stock
Nonfiction,"Eaternity: More than 150 Deliciously Easy Vegan Recipes for a Long, Healthy, Satisfied, Joyful Life",5,51.75,In stock
Nonfiction,Buying In: The Secret Dialogue Between What We Buy and Who We Are,4,37.80,In stock
Nonfiction,Brain on Fire: My Month of Madness,5,49.32,In stock
Nonfiction,Abstract City,5,56.37,In stock
Nonfiction,13 Hours: The Inside Account of What Really Happened In Benghazi,1,27.06,In stock
Nonfiction,The Lonely City: Adventures in the Art of Being Alone,2,33.26,In stock
Nonfiction,The Diary of a Young Girl,3,59.90,Out of stock
Nonfiction,Snatched: How A Drug Queen Went Undercover for the DEA and Was Kidnapped By Colombian Guerillas,3,21.21,In stock
Nonfiction,Furiously Happy: A Funny Book About Horrible Things,4,41.46,In stock
Nonfiction,"The Sleep Revolution: Transforming Your Life, One Night at a Time",4,11.68,In stock
Nonfiction,"Mother, Can You Not?",5,16.89,In stock
Nonfiction,A Mother's Reckoning: Living in the Aftermath of Tragedy,3,19.53,In stock
Nonfiction,"10% Happier: How I Tamed the Voice in My Head, Reduced Stress Without Losing My Edge, and Found Self-Help That Actually Works",2,24.57,In stock
Nonfiction,Chernobyl 01:23:40: The Incredible True Story of the World's Worst Nuclear Disaster,2,35.92,Out of stock
Nonfiction,"Zero to One: Notes on Startups, or How to Build the Future",3,34.06,In stock
Nonfiction,Why Not Me?,1,17.76,In stock
Nonfiction,When Breath Becomes Air,2,39.36,In stock
Nonfiction,"The Midnight Assassin: Panic, Scandal, and the Hunt for America's First Serial Killer",4,28.45,In stock
Nonfiction,Smarter Faster Better: The Secrets of Being Productive in Life and Business,5,38.89,In stock
Nonfiction,Rising Strong,3,21.82,In stock
Nonfiction,Man's Search for Meaning,3,29.48,In stock
Nonfiction,"Love That Boy: What Two Presidents, Eight Road Trips, and My Son Taught Me About a Parent's Expectations",2,25.06,Out of stock
Nonfiction,Living Forward: A Proven Plan to Stop Drifting and Get the Life You Want,3,12.55,In stock
Nonfiction,I Will Find You,1,44.21,In stock
Nonfiction,Brazen: The Courage to Find the You That's Been Hiding,2,19.22,In stock
Nonfiction,Between the World and Me,4,56.91,In stock
Nonfiction,Being Mortal: Medicine and What Matters in the End,4,55.06,Out of stock
Nonfiction,"A Murder Over a Girl: Justice, Gender, Junior High",3,13.20,In stock
Nonfiction,For the Love: Fighting for Grace in a World of Impossible Standards,3,45.13,In stock
Nonfiction,Finding God in the Ruins: How God Redeems Pain,2,46.64,In stock
Nonfiction,The Man Who Mistook His Wife for a Hat and Other Clinical Tales,4,59.45,In stock
Nonfiction,In Cold Blood,4,49.98,In stock
Nonfiction,"Girl, Interrupted",3,42.14,In stock
Nonfiction,Why Save the Bankers?: And Other Essays on Our Economic and Political Crisis,2,48.67,In stock
Nonfiction,Talking to Girls About Duran Duran: One Young Man's Quest for True Love and a Cooler Haircut,4,25.15,In stock
Nonfiction,My Mother Was Nuts,4,31.63,In stock
Nonfiction,"Data, A Love Story: How I Gamed Online Dating to Meet My Match",3,32.35,In stock
Nonfiction,The Jazz of Physics: The Secret Link Between Music and the Structure of the Universe,3,38.71,In stock
Nonfiction,The Gunning of America: Business and the Making of American Gun Culture,4,16.81,In stock
Nonfiction,The Geography of Bliss: One Grump's Search for the Happiest Places in the World,2,28.23,In stock
Nonfiction,God Is Not Great: How Religion Poisons Everything,1,27.80,In stock
Nonfiction,We the People: The Modern-Day Figures Who Have Reshaped and Affirmed the Founding Fathers' Vision of America,3,31.95,In stock
Nonfiction,Very Good Lives: The Fringe Benefits of Failure and the Importance of Imagination,3,50.66,Out of stock
Nonfiction,"Unstuffed: Decluttering Your Home, Mind, and Soul",1,58.09,Out of stock
Nonfiction,Under the Banner of Heaven: A Story of Violent Faith,1,30.00,In stock
Nonfiction,"Trespassing Across America: One Man's Epic, Never-Done-Before (and Sort of Illegal) Hike Across the Heartland",1,53.51,In stock
Nonfiction,The Name of God is Mercy,2,37.25,In stock
Nonfiction,Stiff: The Curious Lives of Human Cadavers,3,36.74,In stock
Nonfiction,Spilled Milk: Based on a True Story,1,49.51,In stock
Nonfiction,"Rise of the Rocket Girls: The Women Who Propelled Us, from Missiles to the Moon to Mars",4,41.67,In stock
Nonfiction,Outliers: The Story of Success,1,14.16,In stock
Nonfiction,Notes from a Small Island (Notes From a Small Island #1),1,40.17,In stock
Nonfiction,Night (The Night Trilogy #1),1,13.51,In stock
Nonfiction,"Miracles from Heaven: A Little Girl, Her Journey to Heaven, and Her Amazing Story of Healing",1,57.83,In stock
Nonfiction,Letter to a Christian Nation,1,22.20,In stock
Nonfiction,Let's Pretend This Never Happened: A Mostly True Memoir,1,45.11,In stock
Nonfiction,It's Never Too Late to Begin Again: Discovering Creativity and Meaning at Midlife and Beyond,1,42.38,In stock
Nonfiction,Into the Wild,5,56.70,In stock
Nonfiction,"In the Garden of Beasts: Love, Terror, and an American Family in Hitler's Berlin",3,28.85,In stock
Nonfiction,I Am Malala: The Girl Who Stood Up for Education and Was Shot by the Taliban,2,28.88,In stock
Nonfiction,Gratitude,5,26.66,In stock
Nonfiction,Disrupted: My Misadventure in the Start-Up Bubble,5,15.28,In stock
Nonfiction,Brave Enough,5,51.32,In stock
Nonfiction,"Born to Run: A Hidden Tribe, Superathletes, and the Greatest Race the World Has Never Seen",2,27.35,In stock
Nonfiction,Blink: The Power of Thinking Without Thinking,5,21.74,In stock
Nonfiction,Black Flags: The Rise of ISIS,1,40.87,In stock
Nonfiction,Are We Smart Enough to Know How Smart Animals Are?,1,56.58,In stock
Nonfiction,A Walk in the Woods: Rediscovering America on the Appalachian Trail,4,30.48,In stock
Nonfiction,"The Suffragettes (Little Black Classics, #96)",2,11.89,In stock
Nonfiction,Kindle Paperwhite User's Guide,3,34.00,In stock
Nonfiction,H is for Hawk,5,57.42,In stock
Nonfiction,Travels with Charley: In Search of America,5,57.82,In stock
Nonfiction,The Tumor,5,41.56,Out of stock
Nonfiction,The End of the Jesus Era (An Investigation #1),1,14.40,In stock
Nonfiction,"Eat, Pray, Love",3,51.32,In stock
Music,Rip it Up and Start Again,5,35.02,In stock
Music,"Our Band Could Be Your Life: Scenes from the American Indie Underground, 1981-1991",3,57.25,In stock
Music,How Music Works,2,37.32,In stock
Music,Love Is a Mix Tape (Music #1),1,18.03,In stock
Music,Please Kill Me: The Uncensored Oral History of Punk,4,31.19,In stock
Music,Kill 'Em and Leave: Searching for James Brown and the American Soul,5,45.05,In stock
Music,"Chronicles, Vol. 1",2,52.60,Out of stock
Music,This Is Your Brain on Music: The Science of a Human Obsession,1,38.40,In stock
Music,"Orchestra of Exiles: The Story of Bronislaw Huberman, the Israel Philharmonic, and the One Thousand Jews He Saved from Nazi Horrors",3,12.36,Out of stock
Music,No One Here Gets Out Alive,5,20.02,In stock
Music,Life,5,31.58,In stock
Music,Old Records Never Die: One Man's Quest for His Vinyl and His Past,2,55.66,In stock
Music,Forever Rockers (The Rocker #12),3,28.80,In stock
Science Fiction,Mesaerion: The Best Science Fiction Stories 1800-1849,1,37.59,Out of stock
Science Fiction,Join,5,35.67,In stock
Science Fiction,"William Shakespeare's Star Wars: Verily, A New Hope (William Shakespeare's Star Wars #4)",4,43.30,In stock
Science Fiction,The Project,1,10.65,In stock
Science Fiction,Soft Apocalypse,2,26.12,In stock
Science Fiction,Sleeping Giants (Themis Files #1),1,48.74,In stock
Science Fiction,Arena,4,21.36,In stock
Science Fiction,Foundation (Foundation (Publication Order) #1),1,32.42,In stock
Science Fiction,The Restaurant at the End of the Universe (Hitchhiker's Guide to the Galaxy #2),1,10.92,In stock
Science Fiction,Ready Player One,4,19.07,In stock
Science Fiction,"Life, the Universe and Everything (Hitchhiker's Guide to the Galaxy #3)",2,33.26,In stock
Science Fiction,Dune (Dune #1),1,54.86,In stock
Science Fiction,Do Androids Dream of Electric Sheep? (Blade Runner #1),1,51.48,In stock
Science Fiction,Three Wishes (River of Time: California #1),2,44.18,In stock
Science Fiction,The Last Girl (The Dominion Trilogy #1),2,36.26,Out of stock
Science Fiction,Having the Barbarian's Baby (Ice Planet Barbarians #7.5),4,34.96,Out of stock
Sports and Games,The Book of Basketball: The NBA According to The Sports Guy,5,44.84,In stock
Sports and Games,"Friday Night Lights: A Town, a Team, and a Dream",3,51.22,In stock
Sports and Games,Sugar Rush (Offensive Line #2),1,24.42,Out of stock
Sports and Games,Settling the Score (The Summer Games #1),2,44.91,In stock
Sports and Games,Icing (Aces Hockey #2),4,40.44,Out of stock
Fantasy,Unicorn Tracks,3,18.78,In stock
Fantasy,"Saga, Volume 6 (Saga (Collected Editions) #6)",3,25.02,In stock
Fantasy,Princess Between Worlds (Wide-Awake Princess #5),5,13.34,In stock
Fantasy,Masks and Shadows,2,56.40,In stock
Fantasy,Crown of Midnight (Throne of Glass #2),3,43.29,In stock
Fantasy,"Avatar: The Last Airbender: Smoke and Shadow, Part 3 (Smoke and Shadow #3)",2,28.09,In stock
Fantasy,A Court of Thorns and Roses (A Court of Thorns and Roses #1),1,52.37,In stock
Fantasy,Throne of Glass (Throne of Glass #1),3,35.07,In stock
Fantasy,The Glittering Court (The Glittering Court #1),1,44.28,Out of stock
Fantasy,Hollow City (Miss Peregrine’s Peculiar Children #2),1,42.98,In stock
Fantasy,The Star-Touched Queen,5,46.02,Out of stock
Fantasy,The Hidden Oracle (The Trials of Apollo #1),2,52.26,In stock
Fantasy,The Bane Chronicles (The Bane Chronicles #1-11),4,44.73,Out of stock
Fantasy,Island of Dragons (Unwanteds #7),1,29.65,In stock
Fantasy,Demigods & Magicians: Percy and Annabeth Meet the Kanes (Percy Jackson & Kane Chronicles Crossover #1-3),5,37.51,In stock
Fantasy,City of Glass (The Mortal Instruments #3),4,56.02,In stock
Fantasy,Searching for Meaning in Gailana,1,38.73,Out of stock
Fantasy,The Star-Touched Queen,5,32.30,In stock
Fantasy,A Shard of Ice (The Black Symphony Saga #1),3,56.63,In stock
Fantasy,King's Folly (The Kinsman Chronicles #1),5,39.61,In stock
Fantasy,Every Heart a Doorway (Every Heart A Doorway #1),5,12.16,In stock
Fantasy,A Gathering of Shadows (Shades of Magic #2),4,44.81,In stock
Fantasy,The Raven Boys (The Raven Cycle #1),4,57.74,In stock
Fantasy,The False Prince (The Ascendance Trilogy #1),5,56.00,In stock
Fantasy,Tell the Wind and Fire,3,45.51,In stock
Fantasy,A Feast for Crows (A Song of Ice and Fire #4),4,17.21,In stock
Fantasy,The Demonists (Demonist #1),2,52.11,In stock
Fantasy,The Beast (Black Dagger Brotherhood #14),5,46.08,In stock
Fantasy,Paper and Fire (The Great Library #2),5,49.45,In stock
Fantasy,Harry Potter and the Order of the Phoenix (Harry Potter #5),4,31.63,Out of stock
Fantasy,Harry Potter and the Half-Blood Prince (Harry Potter #6),5,48.75,Out of stock
Fantasy,Harry Potter and the Chamber of Secrets (Harry Potter #2),1,14.74,In stock
Fantasy,The Rose & the Dagger (The Wrath and the Dawn #2),4,58.64,In stock
Fantasy,Soldier (Talon #3),2,24.72,In stock
Fantasy,Midnight Riot (Peter Grant/ Rivers of London - books #1),2,55.46,In stock
Fantasy,Heir to the Sky,4,44.07,In stock
Fantasy,Eragon (The Inheritance Cycle #1),3,43.87,In stock
Fantasy,Darkfever (Fever #1),1,56.02,In stock
Fantasy,Ash,4,22.06,In stock
Fantasy,A Storm of Swords (A Song of Ice and Fire #3),2,31.22,In stock
Fantasy,Vampire Girl (Vampire Girl #1),2,53.82,Out of stock
Fantasy,The Silent Twin (Detective Jennifer Knight #3),3,36.25,Out of stock
Fantasy,The Mirror & the Maze (The Wrath and the Dawn #1.5),1,29.38,Out of stock
Fantasy,Sister Sable (The Mad Queen #1),3,13.33,Out of stock
Fantasy,Shadow Rites (Jane Yellowrock #10),4,21.72,Out of stock
Fantasy,Origins (Alphas 0.5),1,28.99,In stock
Fantasy,One Second (Seven #7),2,52.94,In stock
Fantasy,Myriad (Prentor #1),4,58.75,In stock
New Adult,Without Borders (Wanderlove #1),2,45.07,In stock
New Adult,The Mistake (Off-Campus #2),3,43.29,In stock
New Adult,The Matchmaker's Playbook (Wingmen Inc. #1),1,55.85,In stock
New Adult,The Hook Up (Game On #1),5,36.29,In stock
New Adult,Shameless,3,58.35,In stock
New Adult,Off Sides (Off #1),5,39.45,In stock
Young Adult,The Requiem Red,1,22.65,In stock
Young Adult,Set Me Free,5,17.46,In stock
Young Adult,The Natural History of Us (The Fine Art of Pretending #2),3,45.22,Out of stock
Young Adult,Obsidian (Lux #1),2,14.86,In stock
Young Adult,Burning,3,28.81,In stock
Young Adult,A Fierce and Subtle Poison,4,28.13,In stock
Young Adult,Scarlett Epstein Hates It Here,5,43.55,In stock
Young Adult,"Nightingale, Sing",1,38.28,Out of stock
Young Adult,Library of Souls (Miss Peregrine’s Peculiar Children #3),5,48.56,In stock
Young Adult,Frostbite (Vampire Academy #2),5,29.99,In stock
Young Adult,Wild Swans,2,14.36,In stock
Young Adult,Until Friday Night (The Field Party #1),2,46.31,In stock
Young Adult,This Is Where It Ends,2,27.12,In stock
Young Adult,The Darkest Lie,5,35.35,In stock
Young Adult,My Kind of Crazy,1,40.36,In stock
Young Adult,Don't Get Caught,1,55.35,In stock
Young Adult,Catching Jordan (Hundred Oaks),3,50.83,In stock
Young Adult,Aristotle and Dante Discover the Secrets of the Universe (Aristotle and Dante Discover the Secrets of the Universe #1),4,58.14,In stock
Young Adult,The Epidemic (The Program 0.6),5,14.44,Out of stock
Young Adult,Stars Above (The Lunar Chronicles #4.5),2,48.05,In stock
Young Adult,No Love Allowed (Dodge Cove #1),4,54.65,In stock
Young Adult,"Exit, Pursued by a Bear",4,51.34,In stock
Young Adult,The Alien Club,1,54.40,In stock
Young Adult,Don't Forget Steven,1,33.23,In stock
Young Adult,South of Sunshine,1,28.93,In stock
Young Adult,My Life Next Door (My Life Next Door ),5,36.39,In stock
Young Adult,Future Shock (Future Shock #1),5,55.65,In stock
Young Adult,Nightstruck: A Novel,4,50.35,Out of stock
Young Adult,Tell the Wolves I'm Home,2,50.96,In stock
Young Adult,"Will Grayson, Will Grayson (Will Grayson, Will Grayson)",4,47.31,In stock
Young Adult,Where She Went (If I Stay #2),4,41.73,In stock
Young Adult,Two Summers,1,14.64,In stock
Young Adult,The Darkest Corners,5,11.33,Out of stock
Young Adult,Tell Me Three Things,1,41.81,In stock
Young Adult,Lola and the Boy Next Door (Anna and the French Kiss #2),4,23.63,In stock
Young Adult,Kill the Boy Band,5,15.52,In stock
Young Adult,Isla and the Happily Ever After (Anna and the French Kiss #3),5,48.13,In stock
Young Adult,An Abundance of Katherines,5,10.00,In stock
Young Adult,Harry Potter and the Prisoner of Azkaban (Harry Potter #3),4,24.17,In stock
Young Adult,Walk the Edge (Thunder Road #2),3,32.36,In stock
Young Adult,Two Boys Kissing,2,32.74,In stock
Young Adult,The New Guy (and Other Senior Year Distractions),3,44.92,In stock
Young Adult,"The Land of 10,000 Madonnas",4,29.64,In stock
Young Adult,Scarlet (The Lunar Chronicles #2),4,14.57,In stock
Young Adult,Legend (Legend #1),4,43.69,In stock
Young Adult,Lady Renegades (Rebel Belle #3),5,53.04,In stock
Young Adult,Golden (Heart of Dread #3),4,42.21,In stock
Young Adult,Cinder (The Lunar Chronicles #1),1,26.09,In stock
Young Adult,Boy Meets Boy,3,21.12,In stock
Young Adult,Annie on My Mind,5,36.83,In stock
Young Adult,New Moon (Twilight #2),4,12.86,In stock
Young Adult,Girl Online On Tour (Girl Online #2),1,53.47,Out of stock
Young Adult,The Haters,5,27.89,In stock
Young Adult,The Art of Not Breathing,4,40.83,In stock
Science,The Most Perfect Thing: Inside (and Outside) a Bird's Egg,4,42.96,In stock
Science,Immunity: How Elie Metchnikoff Changed the Course of Modern Medicine,5,57.36,In stock
Science,Sorting the Beef from the Bull: The Science of Food Fraud Forensics,4,44.74,Out of stock
Science,Tipping Point for Planet Earth: How Close Are We to the Edge?,1,37.55,Out of stock
Science,"The Fabric of the Cosmos: Space, Time, and the Texture of Reality",1,55.91,Out of stock
Science,Diary of a Citizen Scientist: Chasing Tiger Beetles and Other New Ways of Engaging the World,1,28.41,In stock
Science,The Origin of Species,4,10.01,In stock
Science,The Grand Design,3,13.76,In stock
Science,Peak: Secrets from the New Science of Expertise,2,16.28,Out of stock
Science,"The Elegant Universe: Superstrings, Hidden Dimensions, and the Quest for the Ultimate Theory",4,13.03,In stock
Science,"The Disappearing Spoon: And Other True Tales of Madness, Love, and the History of the World from the Periodic Table of the Elements",5,57.35,In stock
Science,"Surely You're Joking, Mr. Feynman!: Adventures of a Curious Character",2,25.83,In stock
Science,Seven Brief Lessons on Physics,4,30.60,In stock
Science,The Selfish Gene,1,29.45,In stock
Poetry,A Light in the Attic,3,51.77,In stock
Poetry,The Black Maria,1,52.15,In stock
Poetry,Shakespeare's Sonnets,4,20.66,Out of stock
Poetry,Olio,1,23.88,In stock
Poetry,You can't bury them all: Poems,2,33.63,In stock
Poetry,Slow States of Collapse: Poems,3,57.31,In stock
Poetry,Untitled Collection: Sabbath Poems 2014,4,14.27,In stock
Poetry,Poems That Make Grown Women Cry,4,14.19,In stock
Poetry,Night Sky with Exit Wounds,1,41.05,In stock
Poetry,salt.,4,46.78,In stock
Poetry,"Quarter Life Poetry: Poems for the Young, Broke and Hangry",5,50.89,In stock
Poetry,Out of Print: City Lights Spotlight No. 14,5,53.64,In stock
Poetry,Les Fleurs du Mal,5,29.04,In stock
Poetry,Howl and Other Poems,2,40.45,In stock
Poetry,Leave This Song Behind: Teen Poetry at Its Best,5,51.17,In stock
Poetry,The Collected Poems of W.B. Yeats (The Collected Works of W.B. Yeats #1),5,15.42,Out of stock
Poetry,The Crossover,4,38.77,Out of stock
Poetry,Booked,5,17.49,In stock
Poetry,Twenty Love Poems and a Song of Despair,4,30.95,In stock
Paranormal,"Vampire Knight, Vol. 1 (Vampire Knight #1)",1,15.40,In stock
Art,Wall and Piece,4,44.18,Out of stock
Art,Feathers: Displays of Brilliant Plumage,3,49.05,In stock
Art,Art and Fear: Observations on the Perils (and Rewards) of Artmaking,4,48.63,Out of stock
Art,The New Drawing on the Right Side of the Brain,3,43.02,In stock
Art,History of Beauty,4,10.29,Out of stock
Art,The Story of Art,4,41.14,In stock
Art,The Art Book,2,32.34,In stock
Art,Ways of Seeing,5,39.51,In stock
Psychology,The Lucifer Effect: Understanding How Good People Turn Evil,1,10.40,Out of stock
Psychology,The Golden Condom: And Other Essays on Love Lost and Found,1,39.43,In stock
Psychology,It Didn't Start with You: How Inherited Family Trauma Shapes Who We Are and How to End the Cycle,3,56.27,In stock
Psychology,An Unquiet Mind: A Memoir of Moods and Madness,3,21.30,In stock
Psychology,"Thinking, Fast and Slow",1,21.14,Out of stock
Psychology,Civilization and Its Discontents,2,59.95,In stock
Psychology,8 Keys to Mental Health Through Exercise,1,31.04,Out of stock
Autobiography,The Argonauts,2,10.93,In stock
Autobiography,M Train,1,27.18,In stock
Autobiography,Lab Girl,1,40.85,Out of stock
Autobiography,Approval Junkie: Adventures in Caring Too Much,5,58.81,In stock
Autobiography,Running with Scissors,4,12.91,In stock
Autobiography,Me Talk Pretty One Day,2,57.60,In stock
Autobiography,Lust & Wonder,2,11.87,Out of stock
Autobiography,Life Without a Recipe,5,59.04,In stock
Autobiography,A Heartbreaking Work of Staggering Genius,5,54.29,In stock
Parenting,Catastrophic Happiness: Finding Joy in Childhood's Messy Years,2,37.35,In stock
Adult Fiction,Fifty Shades Freed (Fifty Shades #3),5,15.36,In stock
Humor,The Long Haul (Diary of a Wimpy Kid #9),1,44.07,In stock
Humor,Old School (Diary of a Wimpy Kid #10),5,11.83,In stock
Humor,I Know What I'm Doing -- and Other Lies I Tell Myself: Dispatches from a Life Under Construction,4,25.98,In stock
Humor,"Hyperbole and a Half: Unfortunate Situations, Flawed Coping Mechanisms, Mayhem, and Other Things That Happened",5,14.75,In stock
Humor,Dress Your Family in Corduroy and Denim,3,43.68,In stock
Humor,Toddlers Are A**holes: It's Not Your Fault,1,25.55,In stock
Humor,When You Are Engulfed in Flames,5,30.89,Out of stock
Humor,Naked,3,31.69,In stock
Humor,"Lamb: The Gospel According to Biff, Christ's Childhood Pal",5,55.50,In stock
Humor,Holidays on Ice,2,51.07,In stock
Horror,Security,2,39.25,Out of stock
Horror,Follow You Home,1,21.36,Out of stock
Horror,The Loney,1,23.40,In stock
Horror,Pet Sematary,3,10.56,In stock
Horror,Doctor Sleep (The Shining #2),2,40.12,Out of stock
Horror,Psycho: Sanitarium (Psycho #1.5),5,36.97,In stock
Horror,Can You Keep a Secret? (Fear Street Relaunch #4),1,48.64,In stock
Horror,Red Dragon (Hannibal Lecter #1),3,23.37,In stock
Horror,Dracula the Un-Dead,5,35.63,Out of stock
Horror,Night Shift (Night Shift #1-20),4,12.75,Out of stock
Horror,Needful Things,4,47.51,In stock
Horror,Misery,2,34.79,In stock
Horror,It,3,25.01,In stock
Horror,'Salem's Lot,4,49.56,In stock
Horror,The Stand,2,57.86,In stock
Horror,The Girl with All the Gifts,3,49.47,In stock
Horror,House of Leaves,1,54.89,In stock
History,Sapiens: A Brief History of Humankind,5,54.23,In stock
History,"Unbound: How Eight Technologies Made Us Human, Transformed Society, and Brought Our World to the Brink",1,25.52,In stock
History,The Age of Genius: The Seventeenth Century and the Birth of the Modern Mind,1,19.73,In stock
History,"Political Suicide: Missteps, Peccadilloes, Bad Calls, Backroom Hijinx, Sordid Pasts, Rotten Breaks, and Just Plain Dumb Mistakes in the Annals of American Politics",2,36.28,In stock
History,Thomas Jefferson and the Tripoli Pirates: The Forgotten War That Changed American History,1,59.64,In stock
History,Zealot: The Life and Times of Jesus of Nazareth,3,24.70,In stock
History,A Distant Mirror: The Calamitous 14th Century,3,14.58,In stock
History,1491: New Revelations of the Americas Before Columbus,3,21.80,In stock
History,Brilliant Beacons: A History of the American Lighthouse,3,11.45,In stock
History,"""Most Blessed of the Patriarchs"": Thomas Jefferson and the Empire of the Imagination",5,44.48,Out of stock
History,A Short History of Nearly Everything,5,52.40,In stock
History,The Rise and Fall of the Third Reich: A History of Nazi Germany,2,39.67,In stock
History,Catherine the Great: Portrait of a Woman,4,58.55,In stock
History,The Mathews Men: Seven Brothers and the War Against Hitler's U-boats,5,42.91,Out of stock
History,The Hiding Place,4,55.91,In stock
History,America's War for the Greater Middle East: A Military History,2,51.22,In stock
History,The Guns of August,2,14.54,Out of stock
History,"House of Lost Worlds: Dinosaurs, Dynasties, and the Story of Life on Earth",2,43.70,In stock
Food and Drink,"Foolproof Preserving: A Guide to Small Batch Jams, Jellies, Pickles, Condiments, and More: A Foolproof Guide to Making Small Batch Jams, Jellies, Pickles, Condiments, and More",3,30.52,In stock
Food and Drink,"The Pioneer Woman Cooks: Dinnertime: Comfort Classics, Freezer Food, 16-Minute Meals, and Other Delicious Ways to Solve Supper!",1,56.41,Out of stock
Food and Drink,My Paris Kitchen: Recipes and Stories,2,33.37,In stock
Food and Drink,"Mama Tried: Traditional Italian Cooking for the Screwed, Crude, Vegan, and Tattooed",4,14.02,In stock
Food and Drink,"Layered: Baking, Building, and Styling Spectacular Cakes",1,40.11,Out of stock
Food and Drink,The Nerdy Nummies Cookbook: Sweet Treats for the Geek in All of Us,5,37.34,In stock
Food and Drink,The Love and Lemons Cookbook: An Apple-to-Zucchini Celebration of Impromptu Cooking,2,37.60,In stock
Food and Drink,The Cookies & Cups Cookbook: 125+ sweet & savory recipes reminding you to Always Eat Dessert First,1,41.25,In stock
Food and Drink,"Deliciously Ella Every Day: Quick and Easy Recipes for Gluten-Free Snacks, Packed Lunches, and Simple Meals",3,42.16,In stock
Food and Drink,The Help Yourself Cookbook for Kids: 60 Easy Plant-Based Recipes Kids Can Make to Stay Healthy and Save the Earth,3,28.77,In stock
Food and Drink,"It's All Easy: Healthy, Delicious Weeknight Meals in under 30 Minutes",1,19.55,In stock
Food and Drink,Barefoot Contessa Back to Basics,1,28.01,In stock
Food and Drink,Barefoot Contessa at Home: Everyday Recipes You'll Make Over and Over Again,5,50.62,In stock
Food and Drink,My Kitchen Year: 136 Recipes That Saved My Life,2,11.53,Out of stock
Food and Drink,Everyday Italian: 125 Simple and Delicious Recipes,5,20.10,In stock
Food and Drink,"A la Mode: 120 Recipes in 60 Pairings: Pies, Tarts, Cakes, Crisps, and More Topped with Ice Cream, Gelato, Frozen Custard, and More",1,38.77,In stock
Food and Drink,Cravings: Recipes for What You Want to Eat,3,20.50,In stock
Food and Drink,"The Moosewood Cookbook: Recipes from Moosewood Restaurant, Ithaca, New York",4,12.34,Out of stock
Food and Drink,32 Yolks,2,53.63,In stock
Food and Drink,"Naturally Lean: 125 Nourishing Gluten-Free, Plant-Based Recipes--All Under 300 Calories",5,11.38,Out of stock
Food and Drink,How to Cook Everything Vegetarian: Simple Meatless Recipes for Great Food (How to Cook Everything),4,46.01,In stock
Food and Drink,How to Be a Domestic Goddess: Baking and the Art of Comfort Cooking,2,28.25,In stock
Food and Drink,The Barefoot Contessa Cookbook,5,59.92,In stock
Food and Drink,Better Homes and Gardens New Cook Book,3,39.61,In stock
Food and Drink,The Power Greens Cookbook: 140 Delicious Superfood Recipes,5,11.05,In stock
Food and Drink,Mexican Today: New and Rediscovered Recipes for Contemporary Kitchens,5,24.91,In stock
Food and Drink,Vegan Vegetarian Omnivore: Dinner for Everyone at the Table,2,13.66,In stock
Food and Drink,The Smitten Kitchen Cookbook,1,23.59,In stock
Food and Drink,"The Art of Simple Food: Notes, Lessons, and Recipes from a Delicious Revolution",3,34.32,In stock
Food and Drink,Hungry Girl Clean & Hungry: Easy All-Natural Recipes for Healthy Eating in the Real World,3,33.14,In stock
Christian Fiction,Redeeming Love,5,20.47,In stock
Christian Fiction,Close to You,4,49.46,In stock
Christian Fiction,Shadows of the Past (Logan Point #1),5,39.67,In stock
Christian Fiction,Like Never Before (Walker Family #2),2,28.77,In stock
Christian Fiction,Counted With the Stars (Out from Egypt #1),5,17.97,In stock
Christian Fiction,If I Run (If I Run #1),4,49.97,In stock
Business,The Dirty Little Secrets of Getting Your Dream Job,4,33.34,In stock
Business,The Third Wave: An Entrepreneur’s Vision of the Future,5,12.61,In stock
Business,The 10% Entrepreneur: Live Your Startup Dream Without Quitting Your Day Job,3,27.55,In stock
Business,Shoe Dog: A Memoir by the Creator of NIKE,2,23.99,In stock
Business,Made to Stick: Why Some Ideas Survive and Others Die,5,38.85,In stock
Business,Quench Your Own Thirst: Business Lessons Learned Over a Beer or Two,1,43.14,In stock
Business,The Art of Startup Fundraising,3,21.00,In stock
Business,Born for This: How to Find the Work You Were Meant to Do,5,21.59,In stock
Business,The E-Myth Revisited: Why Most Small Businesses Don't Work and What to Do About It,1,36.91,In stock
Business,"Rich Dad, Poor Dad",1,51.74,In stock
Business,The Lean Startup: How Today's Entrepreneurs Use Continuous Innovation to Create Radically Successful Businesses,3,33.92,Out of stock
Business,Rework,2,44.88,In stock
Biography,Louisa: The Extraordinary Life of Mrs. Adams,2,16.85,Out of stock
Biography,"Setting the World on Fire: The Brief, Astonishing Life of St. Catherine of Siena",2,21.15,In stock
Biography,The Faith of Christopher Hitchens: The Restless Soul of the World's Most Notorious Atheist,1,39.55,In stock
Biography,Benjamin Franklin: An American Life,3,48.19,In stock
Biography,The Rise of Theodore Roosevelt (Theodore Roosevelt #1),3,42.57,In stock
Thriller,In Her Wake,1,12.84,Out of stock
Thriller,The Elephant Tree,5,23.82,In stock
Thriller,Behind Closed Doors,4,52.22,Out of stock
Thriller,You (You #1),5,43.61,In stock
Thriller,The Guilty (Will Robie #4),2,13.82,In stock
Thriller,The 14th Colony (Cotton Malone #11),1,39.24,In stock
Thriller,Give It Back,2,18.32,Out of stock
Thriller,Killing Floor (Jack Reacher #1),4,31.49,In stock
Thriller,The Bone Hunters (Lexy Vaughan & Steven Macaulay #2),3,59.71,In stock
Thriller,Far From True (Promise Falls Trilogy #2),2,34.93,Out of stock
Thriller,The Travelers,1,15.77,In stock
Contemporary,When We Collided,1,31.77,In stock
Contemporary,Someone Like You (The Harrisons #2),5,52.79,Out of stock
Contemporary,We Are All Completely Beside Ourselves,1,24.04,In stock
Spirituality,The Four Agreements: A Practical Guide to Personal Freedom,5,17.66,In stock
Spirituality,The Activist's Tao Te Ching: Ancient Advice for a Modern Revolution,5,32.24,In stock
Spirituality,Chasing Heaven: What Dying Taught Me About Living,2,37.80,In stock
Spirituality,If I Gave You God's Phone Number....: Searching for Spirituality in America,1,20.91,In stock
Spirituality,Unreasonable Hope: Finding Faith in the God Who Brings Purpose to Your Pain,2,46.33,In stock
Spirituality,A New Earth: Awakening to Your Life's Purpose,5,55.65,In stock
Academic,Logan Kade (Fallen Crest High #5.5),2,13.12,In stock
Self Help,Online Marketing for Busy Authors: A Step-By-Step Guide,1,46.35,In stock
Self Help,How to Be Miserable: 40 Strategies You Already Use,1,46.03,In stock
Self Help,"Overload: How to Unplug, Unwind, and Unleash Yourself from the Pressure of Stress",3,52.15,In stock
Self Help,You Are a Badass: How to Stop Doubting Your Greatness and Start Living an Awesome Life,3,12.08,In stock
Self Help,How to Stop Worrying and Start Living,5,46.49,In stock
Historical,All the Light We Cannot See,5,29.87,In stock
Historical,The Girl You Left Behind (The Girl You Left Behind #1),1,15.79,In stock
Christian,(Un)Qualified: How God Uses Broken People to Do Big Things,5,54.00,In stock
Christian,Crazy Love: Overwhelmed by a Relentless God,2,47.72,In stock
Christian,Blue Like Jazz: Nonreligious Thoughts on Christian Spirituality,1,25.77,Out of stock
Suspense,Silence in the Dark (Logan Point #4),3,58.33,In stock
Short Stories,The Grownup,1,35.88,In stock
Novels,Suzie Snowflake: One beautiful flake (a self-esteem story),5,54.81,In stock
Health,"The Bulletproof Diet: Lose up to a Pound a Day, Reclaim Energy and Focus, Upgrade Your Life",3,49.05,In stock
Health,"Eat Fat, Get Thin",2,54.07,In stock
Health,10-Day Green Smoothie Cleanse: Lose Up to 15 Pounds in 10 Days!,5,49.71,In stock
Health,The Art and Science of Low Carbohydrate Living,5,52.98,In stock
Politics,Libertarianism for Beginners,2,51.33,In stock
Politics,Why the Right Went Wrong: Conservatism--From Goldwater to the Tea Party and Beyond,4,52.65,Out of stock
Politics,Equal Is Unfair: America's Misguided Fight Against Income Inequality,1,56.86,Out of stock
Cultural,Amid the Chaos,1,36.58,In stock
Erotica,Dark Notes,5,19.19,In stock
Crime,The Long Shadow of Small Ghosts: Murder and Memory in an American City,1,10.97,In stock
